Name,Link
Bathroom,https://www.emero.de/en/bathroom.html
Bathroom Accessories,https://www.emero.de/en/bathroom/bathroom-accessories.html
Shelves,https://www.emero.de/en/bathroom/bathroom-accessories/shelves.html
Bathroom Modules,https://www.emero.de/en/bathroom/bathroom-furniture/bathroom-modules.html
Bathroom Accessory Sets,https://www.emero.de/en/bathroom/bathroom-accessories/bathroom-accessory-sets.html
Bath Pillows,https://www.emero.de/en/bathroom/bathroom-accessories/bath-pillows.html
Bathroom Seats Stools,https://www.emero.de/en/bathroom/bathroom-accessories/bathroom-seats-stools.html
Bathroom Stools Benches,https://www.emero.de/en/bathroom/bathroom-accessories/bathroom-seats-stools/bathroom-stools-benches.html
Shower Stools Folding Seats,https://www.emero.de/en/bathroom/bathroom-accessories/bathroom-seats-stools/shower-stools-folding-seats.html
Disinfectant Dispensers,https://www.emero.de/en/bathroom/bathroom-accessories/disinfectant-dispensers.html
Squeegees,https://www.emero.de/en/bathroom/bathroom-accessories/squeegees.html
Shower Baskets,https://www.emero.de/en/bathroom/bathroom-accessories/shower-baskets.html
Shower Curtains,https://www.emero.de/en/bathroom/bathroom-accessories/shower-curtains.html
Hairdryer Holders,https://www.emero.de/en/bathroom/bathroom-accessories/hairdryer-holders.html
Grab Rails,https://www.emero.de/en/bathroom/bathroom-accessories/grab-rails.html
Towel Holders,https://www.emero.de/en/bathroom/bathroom-accessories/towel-holders.html
Towel Rails,https://www.emero.de/en/bathroom/bathroom-accessories/towel-holders/towel-rails.html
Guest Towel Holders,https://www.emero.de/en/bathroom/bathroom-accessories/towel-holders/guest-towel-holders.html
Towel Racks,https://www.emero.de/en/bathroom/bathroom-accessories/towel-holders/towel-racks.html
Towel Hooks,https://www.emero.de/en/bathroom/bathroom-accessories/towel-holders/towel-hooks.html
Towel Ladders,https://www.emero.de/en/bathroom/bathroom-accessories/towel-holders/towel-ladders.html
Towel Rings,https://www.emero.de/en/bathroom/bathroom-accessories/towel-holders/towel-rings.html
Towel Bars,https://www.emero.de/en/bathroom/bathroom-accessories/towel-holders/towel-bars.html
Towel Stands,https://www.emero.de/en/bathroom/bathroom-accessories/towel-holders/towel-stands.html
Sanitary Bag Dispensers,https://www.emero.de/en/bathroom/bathroom-accessories/sanitary-bag-dispensers.html
Bathroom Bins,https://www.emero.de/en/bathroom/bathroom-accessories/bathroom-bins.html
Tissue Box Covers,https://www.emero.de/en/bathroom/bathroom-accessories/tissue-box-covers.html
Boxes For Wet Wipes,https://www.emero.de/en/bathroom/bathroom-accessories/tissue-box-covers/boxes-for-wet-wipes.html
Tissue Boxes,https://www.emero.de/en/bathroom/bathroom-accessories/tissue-box-covers/tissue-boxes.html
Paper Towel Dispensers,https://www.emero.de/en/bathroom/bathroom-accessories/tissue-box-covers/paper-towel-dispensers.html
Soap Accessories,https://www.emero.de/en/bathroom/bathroom-accessories/soap-accessories.html
Magnetic Soap Holders,https://www.emero.de/en/bathroom/bathroom-accessories/soap-accessories/magnetic-soap-holders.html
Soap Dishes,https://www.emero.de/en/bathroom/bathroom-accessories/soap-accessories/soap-dishes.html
Soap Dispensers,https://www.emero.de/en/bathroom/bathroom-accessories/soap-accessories/soap-dispensers.html
Toilet Roll Holders,https://www.emero.de/en/bathroom/bathroom-accessories/toilet-roll-holders/toilet-roll-holders.html
Toilet Roll Holders For Spare Rolls,https://www.emero.de/en/bathroom/bathroom-accessories/toilet-roll-holders/toilet-roll-holders-for-spare-rolls.html
Door Signs,https://www.emero.de/en/bathroom/bathroom-accessories/door-signs.html
Utensil Holders,https://www.emero.de/en/bathroom/bathroom-accessories/utensil-holders.html
Bath Trays,https://www.emero.de/en/bathroom/bathroom-accessories/bath-trays.html
Toilet Brush Sets,https://www.emero.de/en/bathroom/bathroom-accessories/toilet-brush-sets.html
Laundry Baskets,https://www.emero.de/en/bathroom/bathroom-accessories/laundry-baskets.html
Tumblers,https://www.emero.de/en/bathroom/bathroom-accessories/tumblers.html
Accessories Extras,https://www.emero.de/en/bathroom/bathroom-accessories/accessories-extras.html
Bathroom Fittings,https://www.emero.de/en/bathroom/bathroom-fittings.html
Waste Fittings,https://www.emero.de/en/bathroom/bathroom-fittings/waste-fittings.html
For Bidets,https://www.emero.de/en/bathroom/bathroom-fittings/waste-fittings/for-bidets.html
For Urinals,https://www.emero.de/en/bathroom/pre-wall-elements/for-urinals.html
For Baths Showers,https://www.emero.de/en/bathroom/pre-wall-elements/for-baths-showers.html
For Washbasins,https://www.emero.de/en/bathroom/bathroom-fittings/waste-fittings/for-washbasins.html
For Toilets,https://www.emero.de/en/bathroom/flush-plates/for-toilets.html
Supply Fittings,https://www.emero.de/en/bathroom/bathroom-fittings/supply-fittings.html
Bidet Fittings,https://www.emero.de/en/bathroom/bathroom-fittings/bidet-fittings.html
Shower Sets,https://www.emero.de/en/bathroom/bathroom-fittings/shower-sets.html
Shower Brackets Rails,https://www.emero.de/en/bathroom/bathroom-fittings/shower-brackets-rails.html
Shower Hoses Wall Elbows,https://www.emero.de/en/bathroom/bathroom-fittings/shower-hoses-wall-elbows.html
Flushing Valves,https://www.emero.de/en/bathroom/bathroom-fittings/flushing-valves.html
Shower Systems,https://www.emero.de/en/bathroom/bathroom-fittings/shower-systems.html
Hand Showers,https://www.emero.de/en/bathroom/bathroom-fittings/hand-showers.html
Overhead Showers,https://www.emero.de/en/bathroom/bathroom-fittings/overhead-showers.html
Installation Accessories,https://www.emero.de/en/bathroom/bathroom-fittings/installation-accessories.html
Body Showers,https://www.emero.de/en/bathroom/bathroom-fittings/body-showers.html
Bath Shower Fittings,https://www.emero.de/en/bathroom/bathroom-fittings/bath-shower-fittings.html
Washbasin Fittings,https://www.emero.de/en/bathroom/bathroom-fittings/washbasin-fittings.html
Baths,https://www.emero.de/en/bathroom/baths.html
Octagonal Baths,https://www.emero.de/en/bathroom/baths/octagonal-baths.html
Baths With Shower Zone,https://www.emero.de/en/bathroom/baths/baths-with-shower-zone.html
Corner Baths,https://www.emero.de/en/bathroom/baths/corner-baths.html
Freestanding Baths,https://www.emero.de/en/bathroom/baths/freestanding-baths.html
Oval Baths,https://www.emero.de/en/bathroom/baths/oval-baths.html
Compact Baths,https://www.emero.de/en/bathroom/baths/compact-baths.html
Rectangular Baths,https://www.emero.de/en/bathroom/baths/rectangular-baths.html
Round Baths,https://www.emero.de/en/bathroom/baths/round-baths.html
Hexagonal Baths,https://www.emero.de/en/bathroom/baths/hexagonal-baths.html
Back To Wall Baths,https://www.emero.de/en/bathroom/baths/back-to-wall-baths.html
Bathroom Ceramics,https://www.emero.de/en/bathroom/bathroom-ceramics.html
Bidets,https://www.emero.de/en/bathroom/bathroom-ceramics/bidets.html
Double Washbasins,https://www.emero.de/en/bathroom/bathroom-ceramics/double-washbasins.html
Shower Toilets,https://www.emero.de/en/bathroom/bathroom-ceramics/shower-toilets.html
Hand Washbasins,https://www.emero.de/en/bathroom/bathroom-ceramics/hand-washbasins.html
Sinks And Utility Basins,https://www.emero.de/en/bathroom/bathroom-ceramics/sinks-and-utility-basins.html
Cisterns,https://www.emero.de/en/bathroom/bathroom-ceramics/cisterns.html
Toilets,https://www.emero.de/en/bathroom/bathroom-ceramics/toilets.html
Urinal Lids,https://www.emero.de/en/bathroom/bathroom-ceramics/urinal-lids.html
Urinals,https://www.emero.de/en/bathroom/bathroom-ceramics/urinals.html
Washbasins,https://www.emero.de/en/bathroom/bathroom-ceramics/washbasins.html
Toilet Seats,https://www.emero.de/en/bathroom/bathroom-ceramics/toilet-seats.html
Bathroom Lights,https://www.emero.de/en/bathroom/bathroom-lights.html
Bathroom Ceiling Lights,https://www.emero.de/en/bathroom/bathroom-lights/bathroom-ceiling-lights.html
Bathroom Clamp Screw In Lights,https://www.emero.de/en/bathroom/bathroom-lights/bathroom-clamp-screw-in-lights.html
Bathroom Spotlights,https://www.emero.de/en/bathroom/bathroom-lights/bathroom-spotlights.html
Bathroom Wall Lights,https://www.emero.de/en/bathroom/bathroom-lights/bathroom-wall-lights.html
Bathroom Furniture,https://www.emero.de/en/bathroom/bathroom-furniture.html
Furniture Tops,https://www.emero.de/en/bathroom/bathroom-furniture/furniture-tops.html
Occasional Units,https://www.emero.de/en/bathroom/bathroom-furniture/occasional-units.html
Medium Units,https://www.emero.de/en/bathroom/bathroom-furniture/medium-units.html
Tall Units,https://www.emero.de/en/bathroom/bathroom-furniture/tall-units.html
Wall Units,https://www.emero.de/en/bathroom/bathroom-furniture/wall-units.html
Furniture Sets,https://www.emero.de/en/bathroom/bathroom-furniture/furniture-sets.html
Racks,https://www.emero.de/en/bathroom/bathroom-furniture/racks.html
Units On Castors,https://www.emero.de/en/bathroom/bathroom-furniture/units-on-castors.html
Side Units,https://www.emero.de/en/bathroom/bathroom-furniture/side-units.html
Washbasin Stands,https://www.emero.de/en/bathroom/bathroom-furniture/washbasin-stands.html
Countertops Basin Shelves,https://www.emero.de/en/bathroom/bathroom-furniture/countertops-basin-shelves.html
Vanity Units,https://www.emero.de/en/bathroom/bathroom-furniture/vanity-units.html
Vanity Units Incl Washbasins,https://www.emero.de/en/bathroom/bathroom-furniture/vanity-units-incl-washbasins.html
Flush Plates,https://www.emero.de/en/bathroom/flush-plates.html
Shower Enclosures,https://www.emero.de/en/bathroom/shower-enclosures.html
Walk Ins,https://www.emero.de/en/bathroom/shower-enclosures/walk-ins.html
Shower Bathroom Drains,https://www.emero.de/en/bathroom/shower-bathroom-drains.html
Shower Trays,https://www.emero.de/en/bathroom/shower-trays.html
Tileable Shower Elements,https://www.emero.de/en/bathroom/shower-trays/tileable-shower-elements.html
Pentagonal Shower Trays,https://www.emero.de/en/bathroom/shower-trays/pentagonal-shower-trays.html
Rectangular Shower Trays,https://www.emero.de/en/bathroom/shower-trays/rectangular-shower-trays.html
Special Shaped Shower Trays,https://www.emero.de/en/bathroom/shower-trays/special-shaped-shower-trays.html
Quadrant Shower Trays,https://www.emero.de/en/bathroom/shower-trays/quadrant-shower-trays.html
D Shaped Shower Trays,https://www.emero.de/en/bathroom/shower-trays/d-shaped-shower-trays.html
Spare Parts,https://www.emero.de/en/kitchen/spare-parts.html
For Bathroom Accessories,https://www.emero.de/en/bathroom/accessories/for-bathroom-accessories.html
For Bathroom Fittings,https://www.emero.de/en/bathroom/accessories/for-bathroom-fittings.html
For Baths,https://www.emero.de/en/bathroom/accessories/for-baths.html
For Bathroom Ceramics,https://www.emero.de/en/bathroom/accessories/for-bathroom-ceramics.html
For Bathroom Furniture,https://www.emero.de/en/bathroom/accessories/for-bathroom-furniture.html
For Flushing Valves,https://www.emero.de/en/bathroom/accessories/for-flushing-valves.html
For Wall Plates,https://www.emero.de/en/bathroom/accessories/for-wall-plates.html
For Shower Enclosures,https://www.emero.de/en/bathroom/accessories/for-shower-enclosures.html
For Shower Drains,https://www.emero.de/en/bathroom/accessories/for-shower-drains.html
For Shower Trays,https://www.emero.de/en/bathroom/accessories/for-shower-trays.html
For Beauty Mirrors,https://www.emero.de/en/bathroom/accessories/for-beauty-mirrors.html
For Mirrors,https://www.emero.de/en/bathroom/accessories/for-mirrors.html
For Mirror Cabinets,https://www.emero.de/en/bathroom/accessories/for-mirror-cabinets.html
For Cisterns,https://www.emero.de/en/bathroom/accessories/for-cisterns.html
For Pre Wall Elements,https://www.emero.de/en/bathroom/accessories/for-pre-wall-elements.html
Beauty Mirrors,https://www.emero.de/en/bathroom/beauty-mirrors.html
Mirrors,https://www.emero.de/en/bathroom/mirrors.html
Mirror Cabinets,https://www.emero.de/en/bathroom/mirror-cabinets.html
Pre Wall Elements,https://www.emero.de/en/bathroom/pre-wall-elements.html
For Basins,https://www.emero.de/en/bathroom/pre-wall-elements/for-basins.html
For Toilets Bidets,https://www.emero.de/en/bathroom/pre-wall-elements/for-toilets-bidets.html
Whirlpools,https://www.emero.de/en/bathroom/whirlpools.html
Corner Whirlpools,https://www.emero.de/en/bathroom/whirlpools/corner-whirlpools.html
Freestanding Whirlpools,https://www.emero.de/en/bathroom/whirlpools/freestanding-whirlpools.html
Oval Whirlpools,https://www.emero.de/en/bathroom/whirlpools/oval-whirlpools.html
Compact Whirlpools,https://www.emero.de/en/bathroom/whirlpools/compact-whirlpools.html
Rectangular Whirlpools,https://www.emero.de/en/bathroom/whirlpools/rectangular-whirlpools.html
Round Whirlpools,https://www.emero.de/en/bathroom/whirlpools/round-whirlpools.html
Hexagonal Whirlpools,https://www.emero.de/en/bathroom/whirlpools/hexagonal-whirlpools.html
Back To Wall Whirlpools,https://www.emero.de/en/bathroom/whirlpools/back-to-wall-whirlpools.html
Accessories,https://www.emero.de/en/heating/water-heaters/accessories.html
Sealing,https://www.emero.de/en/bathroom/accessories/sealing.html
Shower Tray Supports,https://www.emero.de/en/bathroom/accessories/shower-tray-supports.html
For Bathroom Drains,https://www.emero.de/en/bathroom/accessories/for-bathroom-drains.html
For Whirlpools,https://www.emero.de/en/bathroom/accessories/for-whirlpools.html
Bath Supports,https://www.emero.de/en/bathroom/accessories/bath-supports.html
Kitchen,https://www.emero.de/en/kitchen.html
Waste Collectors,https://www.emero.de/en/kitchen/waste-collectors.html
For Kitchen Fittings,https://www.emero.de/en/kitchen/accessories/for-kitchen-fittings.html
For Kitchen Sinks,https://www.emero.de/en/kitchen/accessories/for-kitchen-sinks.html
Food Drink,https://www.emero.de/en/kitchen/food-drink.html
Bar Accessories,https://www.emero.de/en/kitchen/food-drink/bar-accessories.html
Glasses,https://www.emero.de/en/kitchen/food-drink/glasses.html
Carafes,https://www.emero.de/en/kitchen/food-drink/carafes.html
Baskets,https://www.emero.de/en/kitchen/food-drink/baskets.html
Kitchen Aids,https://www.emero.de/en/kitchen/food-drink/kitchen-aids.html
Dishes Bowls,https://www.emero.de/en/kitchen/food-drink/dishes-bowls.html
Other,https://www.emero.de/en/kitchen/food-drink/other.html
Trays,https://www.emero.de/en/kitchen/food-drink/trays.html
Wine Accessories,https://www.emero.de/en/kitchen/food-drink/wine-accessories.html
Kitchen Fittings,https://www.emero.de/en/kitchen/kitchen-fittings.html
Kitchen Sinks,https://www.emero.de/en/kitchen/kitchen-sinks.html
Strainer Bowls Strainers,https://www.emero.de/en/kitchen/kitchen-sinks/strainer-bowls-strainers.html
For Undercounter Units From 30 Cm,https://www.emero.de/en/kitchen/kitchen-sinks/for-undercounter-units-from-30-cm.html
For Undercounter Units From 40 Cm,https://www.emero.de/en/kitchen/kitchen-sinks/for-undercounter-units-from-40-cm.html
For Undercounter Units From 45 Cm,https://www.emero.de/en/kitchen/kitchen-sinks/for-undercounter-units-from-45-cm.html
For Undercounter Units From 50 Cm,https://www.emero.de/en/kitchen/kitchen-sinks/for-undercounter-units-from-50-cm.html
For Undercounter Units From 60 Cm,https://www.emero.de/en/kitchen/kitchen-sinks/for-undercounter-units-from-60-cm.html
For Undercounter Units From 80 Cm,https://www.emero.de/en/kitchen/kitchen-sinks/for-undercounter-units-from-80-cm.html
For Undercounter Units From 90 Cm,https://www.emero.de/en/kitchen/kitchen-sinks/for-undercounter-units-from-90-cm.html
Chopping Boards Baskets,https://www.emero.de/en/kitchen/kitchen-sinks/chopping-boards-baskets.html
Washing Up Liquid Dispensers,https://www.emero.de/en/kitchen/washing-up-liquid-dispensers.html
For Waste Collectors,https://www.emero.de/en/kitchen/accessories/for-waste-collectors.html
Lights,https://www.emero.de/en/lights.html
Outdoor Lights,https://www.emero.de/en/lights/outdoor-lights.html
Floor Lights,https://www.emero.de/en/lights/indoor-lights/floor-lights.html
Ceiling Lights,https://www.emero.de/en/lights/indoor-lights/ceiling-lights.html
Pendant Lights,https://www.emero.de/en/lights/indoor-lights/pendant-lights.html
Bollard Lights,https://www.emero.de/en/lights/outdoor-lights/bollard-lights.html
Pedestal Lights,https://www.emero.de/en/lights/outdoor-lights/pedestal-lights.html
Spotlights,https://www.emero.de/en/lights/indoor-lights/spotlights.html
Sockets,https://www.emero.de/en/lights/outdoor-lights/sockets.html
Floor Lamps,https://www.emero.de/en/lights/indoor-lights/floor-lamps.html
Table Lamps,https://www.emero.de/en/lights/indoor-lights/table-lamps.html
Wall Lights,https://www.emero.de/en/lights/indoor-lights/wall-lights.html
Indoor Lights,https://www.emero.de/en/lights/indoor-lights.html
Clamp Screw In Lights,https://www.emero.de/en/lights/indoor-lights/clamp-screw-in-lights.html
Light Bulbs,https://www.emero.de/en/lights/light-bulbs.html
Energy Saving Lamps,https://www.emero.de/en/lights/light-bulbs/energy-saving-lamps.html
Incandescent Lamps,https://www.emero.de/en/lights/light-bulbs/incandescent-lamps.html
Halogen Lamps,https://www.emero.de/en/lights/light-bulbs/halogen-lamps.html
Led Lamps,https://www.emero.de/en/lights/light-bulbs/led-lamps.html
Fluorescent Lamps,https://www.emero.de/en/lights/light-bulbs/fluorescent-lamps.html
Fixtures Supports,https://www.emero.de/en/lights/accessories/fixtures-supports.html
Extensions Conversions,https://www.emero.de/en/lights/accessories/extensions-conversions.html
Heads Shades,https://www.emero.de/en/lights/accessories/heads-shades.html
Light Controls Transformers,https://www.emero.de/en/lights/accessories/light-controls-transformers.html
Others,https://www.emero.de/en/lights/accessories/others.html
Heating,https://www.emero.de/en/heating.html
Floor Heating,https://www.emero.de/en/heating/floor-heating.html
E Floor Heating,https://www.emero.de/en/heating/floor-heating/e-floor-heating.html
Radiators,https://www.emero.de/en/heating/radiators.html
Bathroom Radiators,https://www.emero.de/en/heating/radiators/bathroom-radiators.html
Design Radiators,https://www.emero.de/en/heating/radiators/design-radiators.html
Fan Heaters,https://www.emero.de/en/heating/radiators/fan-heaters.html
Infrared Heating,https://www.emero.de/en/heating/radiators/infrared-heating.html
Water Heaters,https://www.emero.de/en/heating/water-heaters.html
Instant Water Heating,https://www.emero.de/en/heating/water-heaters/instant-water-heating.html
Small Instantaneous Water Heater,https://www.emero.de/en/heating/water-heaters/small-instantaneous-water-heater.html
Small Storage Tank,https://www.emero.de/en/heating/water-heaters/small-storage-tank.html
Water Boilers,https://www.emero.de/en/heating/water-heaters/water-boilers.html
Floorstanding Cylinder,https://www.emero.de/en/heating/water-heaters/floorstanding-cylinder.html
Water Storage Tank,https://www.emero.de/en/heating/water-heaters/water-storage-tank.html
Installations,https://www.emero.de/en/installations.html
Pumps,https://www.emero.de/en/installations/pumps.html
Compact Lifting Stations,https://www.emero.de/en/installations/pumps/compact-lifting-stations.html
